"platform","destination","url","utm_source","utm_medium","utm_campaign","utm_content"
"Pinterest profile","Home","https://arelvienne.com/?utm_source=pinterest&utm_medium=organic_social&utm_campaign=profile&utm_content=home","pinterest","organic_social","profile","home"
"Pinterest profile","Shop","https://arelvienne.com/shop.html?utm_source=pinterest&utm_medium=organic_social&utm_campaign=profile&utm_content=shop","pinterest","organic_social","profile","shop"
"Pinterest profile","Wig guide","https://arelvienne.com/wig-guide.html?utm_source=pinterest&utm_medium=organic_social&utm_campaign=profile&utm_content=wig_guide","pinterest","organic_social","profile","wig_guide"
"Pinterest profile","13x4 vs 13x6 Lace Wig: What Is the Difference?","https://arelvienne.com/13x4-vs-13x6-lace-wig.html?utm_source=pinterest&utm_medium=organic_social&utm_campaign=profile&utm_content=13x4_vs_13x6_lace","pinterest","organic_social","profile","13x4_vs_13x6_lace"
"Pinterest profile","150% vs 180% vs 200% Wig Density","https://arelvienne.com/wig-density-guide-150-vs-180-vs-200.html?utm_source=pinterest&utm_medium=organic_social&utm_campaign=profile&utm_content=wig_density_150_180_200","pinterest","organic_social","profile","wig_density_150_180_200"
"Pinterest profile","Human Hair Wig Length Guide","https://arelvienne.com/human-hair-wig-length-guide.html?utm_source=pinterest&utm_medium=organic_social&utm_campaign=profile&utm_content=human_hair_wig_length_guide","pinterest","organic_social","profile","human_hair_wig_length_guide"
"Pinterest profile","What Is a 5x5 Closure Wig?","https://arelvienne.com/5x5-closure-wig-guide.html?utm_source=pinterest&utm_medium=organic_social&utm_campaign=profile&utm_content=5x5_closure_wig_guide","pinterest","organic_social","profile","5x5_closure_wig_guide"
"Pinterest profile","The Cascade Wave","https://arelvienne.com/cascade-deep-wave-human-hair-wig.html?utm_source=pinterest&utm_medium=organic_social&utm_campaign=profile&utm_content=lum-011","pinterest","organic_social","profile","lum-011"
"Pinterest profile","The Platinum Bob","https://arelvienne.com/platinum-blonde-bob-wig.html?utm_source=pinterest&utm_medium=organic_social&utm_campaign=profile&utm_content=lum-010","pinterest","organic_social","profile","lum-010"
"Pinterest profile","The Signature Straight","https://arelvienne.com/signature-straight-human-hair-wig.html?utm_source=pinterest&utm_medium=organic_social&utm_campaign=profile&utm_content=lum-009","pinterest","organic_social","profile","lum-009"
"Pinterest profile","The Water Wave Bob","https://arelvienne.com/water-wave-bob-wig.html?utm_source=pinterest&utm_medium=organic_social&utm_campaign=profile&utm_content=lum-012","pinterest","organic_social","profile","lum-012"
"Pinterest profile","The Bouncy Curl Closure","https://arelvienne.com/bouncy-curl-closure-wig.html?utm_source=pinterest&utm_medium=organic_social&utm_campaign=profile&utm_content=lum-013","pinterest","organic_social","profile","lum-013"
"Pinterest profile","The Champagne Body Wave","https://arelvienne.com/champagne-blonde-body-wave-wig.html?utm_source=pinterest&utm_medium=organic_social&utm_campaign=profile&utm_content=lum-014","pinterest","organic_social","profile","lum-014"
"Pinterest profile","The Honey Noir Straight","https://arelvienne.com/honey-noir-highlight-straight-wig.html?utm_source=pinterest&utm_medium=organic_social&utm_campaign=profile&utm_content=lum-015","pinterest","organic_social","profile","lum-015"
"Pinterest profile","The Burgundy Bob Closure","https://arelvienne.com/burgundy-bob-closure-wig.html?utm_source=pinterest&utm_medium=organic_social&utm_campaign=profile&utm_content=lum-016","pinterest","organic_social","profile","lum-016"
"Instagram bio","Home","https://arelvienne.com/?utm_source=instagram&utm_medium=organic_social&utm_campaign=profile&utm_content=home","instagram","organic_social","profile","home"
"Instagram bio","Shop","https://arelvienne.com/shop.html?utm_source=instagram&utm_medium=organic_social&utm_campaign=profile&utm_content=shop","instagram","organic_social","profile","shop"
"Instagram bio","Wig guide","https://arelvienne.com/wig-guide.html?utm_source=instagram&utm_medium=organic_social&utm_campaign=profile&utm_content=wig_guide","instagram","organic_social","profile","wig_guide"
"Instagram bio","13x4 vs 13x6 Lace Wig: What Is the Difference?","https://arelvienne.com/13x4-vs-13x6-lace-wig.html?utm_source=instagram&utm_medium=organic_social&utm_campaign=profile&utm_content=13x4_vs_13x6_lace","instagram","organic_social","profile","13x4_vs_13x6_lace"
"Instagram bio","150% vs 180% vs 200% Wig Density","https://arelvienne.com/wig-density-guide-150-vs-180-vs-200.html?utm_source=instagram&utm_medium=organic_social&utm_campaign=profile&utm_content=wig_density_150_180_200","instagram","organic_social","profile","wig_density_150_180_200"
"Instagram bio","Human Hair Wig Length Guide","https://arelvienne.com/human-hair-wig-length-guide.html?utm_source=instagram&utm_medium=organic_social&utm_campaign=profile&utm_content=human_hair_wig_length_guide","instagram","organic_social","profile","human_hair_wig_length_guide"
"Instagram bio","What Is a 5x5 Closure Wig?","https://arelvienne.com/5x5-closure-wig-guide.html?utm_source=instagram&utm_medium=organic_social&utm_campaign=profile&utm_content=5x5_closure_wig_guide","instagram","organic_social","profile","5x5_closure_wig_guide"
"Instagram bio","The Cascade Wave","https://arelvienne.com/cascade-deep-wave-human-hair-wig.html?utm_source=instagram&utm_medium=organic_social&utm_campaign=profile&utm_content=lum-011","instagram","organic_social","profile","lum-011"
"Instagram bio","The Platinum Bob","https://arelvienne.com/platinum-blonde-bob-wig.html?utm_source=instagram&utm_medium=organic_social&utm_campaign=profile&utm_content=lum-010","instagram","organic_social","profile","lum-010"
"Instagram bio","The Signature Straight","https://arelvienne.com/signature-straight-human-hair-wig.html?utm_source=instagram&utm_medium=organic_social&utm_campaign=profile&utm_content=lum-009","instagram","organic_social","profile","lum-009"
"Instagram bio","The Water Wave Bob","https://arelvienne.com/water-wave-bob-wig.html?utm_source=instagram&utm_medium=organic_social&utm_campaign=profile&utm_content=lum-012","instagram","organic_social","profile","lum-012"
"Instagram bio","The Bouncy Curl Closure","https://arelvienne.com/bouncy-curl-closure-wig.html?utm_source=instagram&utm_medium=organic_social&utm_campaign=profile&utm_content=lum-013","instagram","organic_social","profile","lum-013"
"Instagram bio","The Champagne Body Wave","https://arelvienne.com/champagne-blonde-body-wave-wig.html?utm_source=instagram&utm_medium=organic_social&utm_campaign=profile&utm_content=lum-014","instagram","organic_social","profile","lum-014"
"Instagram bio","The Honey Noir Straight","https://arelvienne.com/honey-noir-highlight-straight-wig.html?utm_source=instagram&utm_medium=organic_social&utm_campaign=profile&utm_content=lum-015","instagram","organic_social","profile","lum-015"
"Instagram bio","The Burgundy Bob Closure","https://arelvienne.com/burgundy-bob-closure-wig.html?utm_source=instagram&utm_medium=organic_social&utm_campaign=profile&utm_content=lum-016","instagram","organic_social","profile","lum-016"
"TikTok bio","Home","https://arelvienne.com/?utm_source=tiktok&utm_medium=organic_social&utm_campaign=profile&utm_content=home","tiktok","organic_social","profile","home"
"TikTok bio","Shop","https://arelvienne.com/shop.html?utm_source=tiktok&utm_medium=organic_social&utm_campaign=profile&utm_content=shop","tiktok","organic_social","profile","shop"
"TikTok bio","Wig guide","https://arelvienne.com/wig-guide.html?utm_source=tiktok&utm_medium=organic_social&utm_campaign=profile&utm_content=wig_guide","tiktok","organic_social","profile","wig_guide"
"TikTok bio","13x4 vs 13x6 Lace Wig: What Is the Difference?","https://arelvienne.com/13x4-vs-13x6-lace-wig.html?utm_source=tiktok&utm_medium=organic_social&utm_campaign=profile&utm_content=13x4_vs_13x6_lace","tiktok","organic_social","profile","13x4_vs_13x6_lace"
"TikTok bio","150% vs 180% vs 200% Wig Density","https://arelvienne.com/wig-density-guide-150-vs-180-vs-200.html?utm_source=tiktok&utm_medium=organic_social&utm_campaign=profile&utm_content=wig_density_150_180_200","tiktok","organic_social","profile","wig_density_150_180_200"
"TikTok bio","Human Hair Wig Length Guide","https://arelvienne.com/human-hair-wig-length-guide.html?utm_source=tiktok&utm_medium=organic_social&utm_campaign=profile&utm_content=human_hair_wig_length_guide","tiktok","organic_social","profile","human_hair_wig_length_guide"
"TikTok bio","What Is a 5x5 Closure Wig?","https://arelvienne.com/5x5-closure-wig-guide.html?utm_source=tiktok&utm_medium=organic_social&utm_campaign=profile&utm_content=5x5_closure_wig_guide","tiktok","organic_social","profile","5x5_closure_wig_guide"
"TikTok bio","The Cascade Wave","https://arelvienne.com/cascade-deep-wave-human-hair-wig.html?utm_source=tiktok&utm_medium=organic_social&utm_campaign=profile&utm_content=lum-011","tiktok","organic_social","profile","lum-011"
"TikTok bio","The Platinum Bob","https://arelvienne.com/platinum-blonde-bob-wig.html?utm_source=tiktok&utm_medium=organic_social&utm_campaign=profile&utm_content=lum-010","tiktok","organic_social","profile","lum-010"
"TikTok bio","The Signature Straight","https://arelvienne.com/signature-straight-human-hair-wig.html?utm_source=tiktok&utm_medium=organic_social&utm_campaign=profile&utm_content=lum-009","tiktok","organic_social","profile","lum-009"
"TikTok bio","The Water Wave Bob","https://arelvienne.com/water-wave-bob-wig.html?utm_source=tiktok&utm_medium=organic_social&utm_campaign=profile&utm_content=lum-012","tiktok","organic_social","profile","lum-012"
"TikTok bio","The Bouncy Curl Closure","https://arelvienne.com/bouncy-curl-closure-wig.html?utm_source=tiktok&utm_medium=organic_social&utm_campaign=profile&utm_content=lum-013","tiktok","organic_social","profile","lum-013"
"TikTok bio","The Champagne Body Wave","https://arelvienne.com/champagne-blonde-body-wave-wig.html?utm_source=tiktok&utm_medium=organic_social&utm_campaign=profile&utm_content=lum-014","tiktok","organic_social","profile","lum-014"
"TikTok bio","The Honey Noir Straight","https://arelvienne.com/honey-noir-highlight-straight-wig.html?utm_source=tiktok&utm_medium=organic_social&utm_campaign=profile&utm_content=lum-015","tiktok","organic_social","profile","lum-015"
"TikTok bio","The Burgundy Bob Closure","https://arelvienne.com/burgundy-bob-closure-wig.html?utm_source=tiktok&utm_medium=organic_social&utm_campaign=profile&utm_content=lum-016","tiktok","organic_social","profile","lum-016"
"YouTube channel","Home","https://arelvienne.com/?utm_source=youtube&utm_medium=organic_video&utm_campaign=channel&utm_content=home","youtube","organic_video","channel","home"
"YouTube channel","Shop","https://arelvienne.com/shop.html?utm_source=youtube&utm_medium=organic_video&utm_campaign=channel&utm_content=shop","youtube","organic_video","channel","shop"
"YouTube channel","Wig guide","https://arelvienne.com/wig-guide.html?utm_source=youtube&utm_medium=organic_video&utm_campaign=channel&utm_content=wig_guide","youtube","organic_video","channel","wig_guide"
"YouTube channel","13x4 vs 13x6 Lace Wig: What Is the Difference?","https://arelvienne.com/13x4-vs-13x6-lace-wig.html?utm_source=youtube&utm_medium=organic_video&utm_campaign=channel&utm_content=13x4_vs_13x6_lace","youtube","organic_video","channel","13x4_vs_13x6_lace"
"YouTube channel","150% vs 180% vs 200% Wig Density","https://arelvienne.com/wig-density-guide-150-vs-180-vs-200.html?utm_source=youtube&utm_medium=organic_video&utm_campaign=channel&utm_content=wig_density_150_180_200","youtube","organic_video","channel","wig_density_150_180_200"
"YouTube channel","Human Hair Wig Length Guide","https://arelvienne.com/human-hair-wig-length-guide.html?utm_source=youtube&utm_medium=organic_video&utm_campaign=channel&utm_content=human_hair_wig_length_guide","youtube","organic_video","channel","human_hair_wig_length_guide"
"YouTube channel","What Is a 5x5 Closure Wig?","https://arelvienne.com/5x5-closure-wig-guide.html?utm_source=youtube&utm_medium=organic_video&utm_campaign=channel&utm_content=5x5_closure_wig_guide","youtube","organic_video","channel","5x5_closure_wig_guide"
"YouTube channel","The Cascade Wave","https://arelvienne.com/cascade-deep-wave-human-hair-wig.html?utm_source=youtube&utm_medium=organic_video&utm_campaign=channel&utm_content=lum-011","youtube","organic_video","channel","lum-011"
"YouTube channel","The Platinum Bob","https://arelvienne.com/platinum-blonde-bob-wig.html?utm_source=youtube&utm_medium=organic_video&utm_campaign=channel&utm_content=lum-010","youtube","organic_video","channel","lum-010"
"YouTube channel","The Signature Straight","https://arelvienne.com/signature-straight-human-hair-wig.html?utm_source=youtube&utm_medium=organic_video&utm_campaign=channel&utm_content=lum-009","youtube","organic_video","channel","lum-009"
"YouTube channel","The Water Wave Bob","https://arelvienne.com/water-wave-bob-wig.html?utm_source=youtube&utm_medium=organic_video&utm_campaign=channel&utm_content=lum-012","youtube","organic_video","channel","lum-012"
"YouTube channel","The Bouncy Curl Closure","https://arelvienne.com/bouncy-curl-closure-wig.html?utm_source=youtube&utm_medium=organic_video&utm_campaign=channel&utm_content=lum-013","youtube","organic_video","channel","lum-013"
"YouTube channel","The Champagne Body Wave","https://arelvienne.com/champagne-blonde-body-wave-wig.html?utm_source=youtube&utm_medium=organic_video&utm_campaign=channel&utm_content=lum-014","youtube","organic_video","channel","lum-014"
"YouTube channel","The Honey Noir Straight","https://arelvienne.com/honey-noir-highlight-straight-wig.html?utm_source=youtube&utm_medium=organic_video&utm_campaign=channel&utm_content=lum-015","youtube","organic_video","channel","lum-015"
"YouTube channel","The Burgundy Bob Closure","https://arelvienne.com/burgundy-bob-closure-wig.html?utm_source=youtube&utm_medium=organic_video&utm_campaign=channel&utm_content=lum-016","youtube","organic_video","channel","lum-016"
"Facebook page","Home","https://arelvienne.com/?utm_source=facebook&utm_medium=organic_social&utm_campaign=profile&utm_content=home","facebook","organic_social","profile","home"
"Facebook page","Shop","https://arelvienne.com/shop.html?utm_source=facebook&utm_medium=organic_social&utm_campaign=profile&utm_content=shop","facebook","organic_social","profile","shop"
"Facebook page","Wig guide","https://arelvienne.com/wig-guide.html?utm_source=facebook&utm_medium=organic_social&utm_campaign=profile&utm_content=wig_guide","facebook","organic_social","profile","wig_guide"
"Facebook page","13x4 vs 13x6 Lace Wig: What Is the Difference?","https://arelvienne.com/13x4-vs-13x6-lace-wig.html?utm_source=facebook&utm_medium=organic_social&utm_campaign=profile&utm_content=13x4_vs_13x6_lace","facebook","organic_social","profile","13x4_vs_13x6_lace"
"Facebook page","150% vs 180% vs 200% Wig Density","https://arelvienne.com/wig-density-guide-150-vs-180-vs-200.html?utm_source=facebook&utm_medium=organic_social&utm_campaign=profile&utm_content=wig_density_150_180_200","facebook","organic_social","profile","wig_density_150_180_200"
"Facebook page","Human Hair Wig Length Guide","https://arelvienne.com/human-hair-wig-length-guide.html?utm_source=facebook&utm_medium=organic_social&utm_campaign=profile&utm_content=human_hair_wig_length_guide","facebook","organic_social","profile","human_hair_wig_length_guide"
"Facebook page","What Is a 5x5 Closure Wig?","https://arelvienne.com/5x5-closure-wig-guide.html?utm_source=facebook&utm_medium=organic_social&utm_campaign=profile&utm_content=5x5_closure_wig_guide","facebook","organic_social","profile","5x5_closure_wig_guide"
"Facebook page","The Cascade Wave","https://arelvienne.com/cascade-deep-wave-human-hair-wig.html?utm_source=facebook&utm_medium=organic_social&utm_campaign=profile&utm_content=lum-011","facebook","organic_social","profile","lum-011"
"Facebook page","The Platinum Bob","https://arelvienne.com/platinum-blonde-bob-wig.html?utm_source=facebook&utm_medium=organic_social&utm_campaign=profile&utm_content=lum-010","facebook","organic_social","profile","lum-010"
"Facebook page","The Signature Straight","https://arelvienne.com/signature-straight-human-hair-wig.html?utm_source=facebook&utm_medium=organic_social&utm_campaign=profile&utm_content=lum-009","facebook","organic_social","profile","lum-009"
"Facebook page","The Water Wave Bob","https://arelvienne.com/water-wave-bob-wig.html?utm_source=facebook&utm_medium=organic_social&utm_campaign=profile&utm_content=lum-012","facebook","organic_social","profile","lum-012"
"Facebook page","The Bouncy Curl Closure","https://arelvienne.com/bouncy-curl-closure-wig.html?utm_source=facebook&utm_medium=organic_social&utm_campaign=profile&utm_content=lum-013","facebook","organic_social","profile","lum-013"
"Facebook page","The Champagne Body Wave","https://arelvienne.com/champagne-blonde-body-wave-wig.html?utm_source=facebook&utm_medium=organic_social&utm_campaign=profile&utm_content=lum-014","facebook","organic_social","profile","lum-014"
"Facebook page","The Honey Noir Straight","https://arelvienne.com/honey-noir-highlight-straight-wig.html?utm_source=facebook&utm_medium=organic_social&utm_campaign=profile&utm_content=lum-015","facebook","organic_social","profile","lum-015"
"Facebook page","The Burgundy Bob Closure","https://arelvienne.com/burgundy-bob-closure-wig.html?utm_source=facebook&utm_medium=organic_social&utm_campaign=profile&utm_content=lum-016","facebook","organic_social","profile","lum-016"
"Reddit answers","Home","https://arelvienne.com/?utm_source=reddit&utm_medium=community&utm_campaign=helpful_answers&utm_content=home","reddit","community","helpful_answers","home"
"Reddit answers","Shop","https://arelvienne.com/shop.html?utm_source=reddit&utm_medium=community&utm_campaign=helpful_answers&utm_content=shop","reddit","community","helpful_answers","shop"
"Reddit answers","Wig guide","https://arelvienne.com/wig-guide.html?utm_source=reddit&utm_medium=community&utm_campaign=helpful_answers&utm_content=wig_guide","reddit","community","helpful_answers","wig_guide"
"Reddit answers","13x4 vs 13x6 Lace Wig: What Is the Difference?","https://arelvienne.com/13x4-vs-13x6-lace-wig.html?utm_source=reddit&utm_medium=community&utm_campaign=helpful_answers&utm_content=13x4_vs_13x6_lace","reddit","community","helpful_answers","13x4_vs_13x6_lace"
"Reddit answers","150% vs 180% vs 200% Wig Density","https://arelvienne.com/wig-density-guide-150-vs-180-vs-200.html?utm_source=reddit&utm_medium=community&utm_campaign=helpful_answers&utm_content=wig_density_150_180_200","reddit","community","helpful_answers","wig_density_150_180_200"
"Reddit answers","Human Hair Wig Length Guide","https://arelvienne.com/human-hair-wig-length-guide.html?utm_source=reddit&utm_medium=community&utm_campaign=helpful_answers&utm_content=human_hair_wig_length_guide","reddit","community","helpful_answers","human_hair_wig_length_guide"
"Reddit answers","What Is a 5x5 Closure Wig?","https://arelvienne.com/5x5-closure-wig-guide.html?utm_source=reddit&utm_medium=community&utm_campaign=helpful_answers&utm_content=5x5_closure_wig_guide","reddit","community","helpful_answers","5x5_closure_wig_guide"
"Reddit answers","The Cascade Wave","https://arelvienne.com/cascade-deep-wave-human-hair-wig.html?utm_source=reddit&utm_medium=community&utm_campaign=helpful_answers&utm_content=lum-011","reddit","community","helpful_answers","lum-011"
"Reddit answers","The Platinum Bob","https://arelvienne.com/platinum-blonde-bob-wig.html?utm_source=reddit&utm_medium=community&utm_campaign=helpful_answers&utm_content=lum-010","reddit","community","helpful_answers","lum-010"
"Reddit answers","The Signature Straight","https://arelvienne.com/signature-straight-human-hair-wig.html?utm_source=reddit&utm_medium=community&utm_campaign=helpful_answers&utm_content=lum-009","reddit","community","helpful_answers","lum-009"
"Reddit answers","The Water Wave Bob","https://arelvienne.com/water-wave-bob-wig.html?utm_source=reddit&utm_medium=community&utm_campaign=helpful_answers&utm_content=lum-012","reddit","community","helpful_answers","lum-012"
"Reddit answers","The Bouncy Curl Closure","https://arelvienne.com/bouncy-curl-closure-wig.html?utm_source=reddit&utm_medium=community&utm_campaign=helpful_answers&utm_content=lum-013","reddit","community","helpful_answers","lum-013"
"Reddit answers","The Champagne Body Wave","https://arelvienne.com/champagne-blonde-body-wave-wig.html?utm_source=reddit&utm_medium=community&utm_campaign=helpful_answers&utm_content=lum-014","reddit","community","helpful_answers","lum-014"
"Reddit answers","The Honey Noir Straight","https://arelvienne.com/honey-noir-highlight-straight-wig.html?utm_source=reddit&utm_medium=community&utm_campaign=helpful_answers&utm_content=lum-015","reddit","community","helpful_answers","lum-015"
"Reddit answers","The Burgundy Bob Closure","https://arelvienne.com/burgundy-bob-closure-wig.html?utm_source=reddit&utm_medium=community&utm_campaign=helpful_answers&utm_content=lum-016","reddit","community","helpful_answers","lum-016"
"Quora answers","Home","https://arelvienne.com/?utm_source=quora&utm_medium=community&utm_campaign=helpful_answers&utm_content=home","quora","community","helpful_answers","home"
"Quora answers","Shop","https://arelvienne.com/shop.html?utm_source=quora&utm_medium=community&utm_campaign=helpful_answers&utm_content=shop","quora","community","helpful_answers","shop"
"Quora answers","Wig guide","https://arelvienne.com/wig-guide.html?utm_source=quora&utm_medium=community&utm_campaign=helpful_answers&utm_content=wig_guide","quora","community","helpful_answers","wig_guide"
"Quora answers","13x4 vs 13x6 Lace Wig: What Is the Difference?","https://arelvienne.com/13x4-vs-13x6-lace-wig.html?utm_source=quora&utm_medium=community&utm_campaign=helpful_answers&utm_content=13x4_vs_13x6_lace","quora","community","helpful_answers","13x4_vs_13x6_lace"
"Quora answers","150% vs 180% vs 200% Wig Density","https://arelvienne.com/wig-density-guide-150-vs-180-vs-200.html?utm_source=quora&utm_medium=community&utm_campaign=helpful_answers&utm_content=wig_density_150_180_200","quora","community","helpful_answers","wig_density_150_180_200"
"Quora answers","Human Hair Wig Length Guide","https://arelvienne.com/human-hair-wig-length-guide.html?utm_source=quora&utm_medium=community&utm_campaign=helpful_answers&utm_content=human_hair_wig_length_guide","quora","community","helpful_answers","human_hair_wig_length_guide"
"Quora answers","What Is a 5x5 Closure Wig?","https://arelvienne.com/5x5-closure-wig-guide.html?utm_source=quora&utm_medium=community&utm_campaign=helpful_answers&utm_content=5x5_closure_wig_guide","quora","community","helpful_answers","5x5_closure_wig_guide"
"Quora answers","The Cascade Wave","https://arelvienne.com/cascade-deep-wave-human-hair-wig.html?utm_source=quora&utm_medium=community&utm_campaign=helpful_answers&utm_content=lum-011","quora","community","helpful_answers","lum-011"
"Quora answers","The Platinum Bob","https://arelvienne.com/platinum-blonde-bob-wig.html?utm_source=quora&utm_medium=community&utm_campaign=helpful_answers&utm_content=lum-010","quora","community","helpful_answers","lum-010"
"Quora answers","The Signature Straight","https://arelvienne.com/signature-straight-human-hair-wig.html?utm_source=quora&utm_medium=community&utm_campaign=helpful_answers&utm_content=lum-009","quora","community","helpful_answers","lum-009"
"Quora answers","The Water Wave Bob","https://arelvienne.com/water-wave-bob-wig.html?utm_source=quora&utm_medium=community&utm_campaign=helpful_answers&utm_content=lum-012","quora","community","helpful_answers","lum-012"
"Quora answers","The Bouncy Curl Closure","https://arelvienne.com/bouncy-curl-closure-wig.html?utm_source=quora&utm_medium=community&utm_campaign=helpful_answers&utm_content=lum-013","quora","community","helpful_answers","lum-013"
"Quora answers","The Champagne Body Wave","https://arelvienne.com/champagne-blonde-body-wave-wig.html?utm_source=quora&utm_medium=community&utm_campaign=helpful_answers&utm_content=lum-014","quora","community","helpful_answers","lum-014"
"Quora answers","The Honey Noir Straight","https://arelvienne.com/honey-noir-highlight-straight-wig.html?utm_source=quora&utm_medium=community&utm_campaign=helpful_answers&utm_content=lum-015","quora","community","helpful_answers","lum-015"
"Quora answers","The Burgundy Bob Closure","https://arelvienne.com/burgundy-bob-closure-wig.html?utm_source=quora&utm_medium=community&utm_campaign=helpful_answers&utm_content=lum-016","quora","community","helpful_answers","lum-016"
