"id","title","description","link","image_link","additional_image_link","price","availability","condition","brand","google_product_category","product_type","item_group_id","color","size","material"
"lum-011-16","13x6 Deep Wave Human Hair Wig - The Cascade Wave - Natural Black - 16inch/40cm","Shop a 13x6 transparent-lace deep-wave human hair wig in natural black. Choose 16 to 28 inches. From $309 with free worldwide shipping.","https://arelvienne.com/cascade-deep-wave-human-hair-wig.html?variant=lum-011-16&utm_source=pinterest&utm_medium=organic_shopping&utm_campaign=product_catalog&utm_content=lum-011-16","https://arelvienne.com/images/lum-011/main_01.webp","https://arelvienne.com/images/lum-011/main_02.webp,https://arelvienne.com/images/lum-011/main_03.webp,https://arelvienne.com/images/lum-011/main_04.webp,https://arelvienne.com/images/lum-011/main_05.webp","309.00 USD","in stock","new","ARELVIENNE","181","Hair Extensions & Wigs > Wigs","lum-011","Natural Black","16inch/40cm","Human Hair"
"lum-011-20","13x6 Deep Wave Human Hair Wig - The Cascade Wave - Natural Black - 20inch/50cm","Shop a 13x6 transparent-lace deep-wave human hair wig in natural black. Choose 16 to 28 inches. From $309 with free worldwide shipping.","https://arelvienne.com/cascade-deep-wave-human-hair-wig.html?variant=lum-011-20&utm_source=pinterest&utm_medium=organic_shopping&utm_campaign=product_catalog&utm_content=lum-011-20","https://arelvienne.com/images/lum-011/main_01.webp","https://arelvienne.com/images/lum-011/main_02.webp,https://arelvienne.com/images/lum-011/main_03.webp,https://arelvienne.com/images/lum-011/main_04.webp,https://arelvienne.com/images/lum-011/main_05.webp","379.00 USD","in stock","new","ARELVIENNE","181","Hair Extensions & Wigs > Wigs","lum-011","Natural Black","20inch/50cm","Human Hair"
"lum-011-24","13x6 Deep Wave Human Hair Wig - The Cascade Wave - Natural Black - 24inch/60cm","Shop a 13x6 transparent-lace deep-wave human hair wig in natural black. Choose 16 to 28 inches. From $309 with free worldwide shipping.","https://arelvienne.com/cascade-deep-wave-human-hair-wig.html?variant=lum-011-24&utm_source=pinterest&utm_medium=organic_shopping&utm_campaign=product_catalog&utm_content=lum-011-24","https://arelvienne.com/images/lum-011/main_01.webp","https://arelvienne.com/images/lum-011/main_02.webp,https://arelvienne.com/images/lum-011/main_03.webp,https://arelvienne.com/images/lum-011/main_04.webp,https://arelvienne.com/images/lum-011/main_05.webp","499.00 USD","in stock","new","ARELVIENNE","181","Hair Extensions & Wigs > Wigs","lum-011","Natural Black","24inch/60cm","Human Hair"
"lum-011-28","13x6 Deep Wave Human Hair Wig - The Cascade Wave - Natural Black - 28inch/70cm","Shop a 13x6 transparent-lace deep-wave human hair wig in natural black. Choose 16 to 28 inches. From $309 with free worldwide shipping.","https://arelvienne.com/cascade-deep-wave-human-hair-wig.html?variant=lum-011-28&utm_source=pinterest&utm_medium=organic_shopping&utm_campaign=product_catalog&utm_content=lum-011-28","https://arelvienne.com/images/lum-011/main_01.webp","https://arelvienne.com/images/lum-011/main_02.webp,https://arelvienne.com/images/lum-011/main_03.webp,https://arelvienne.com/images/lum-011/main_04.webp,https://arelvienne.com/images/lum-011/main_05.webp","679.00 USD","in stock","new","ARELVIENNE","181","Hair Extensions & Wigs > Wigs","lum-011","Natural Black","28inch/70cm","Human Hair"
"lum-010-10-150","#613 Blonde Bob Human Hair Wig - The Platinum Bob - #613 Platinum - 10inch/25cm - 150%","Shop a #613 blonde 13x4 lace bob wig in 10 or 12 inches and 150% or 180% density. Human hair from $229 with free worldwide shipping.","https://arelvienne.com/platinum-blonde-bob-wig.html?variant=lum-010-10-150&utm_source=pinterest&utm_medium=organic_shopping&utm_campaign=product_catalog&utm_content=lum-010-10-150","https://arelvienne.com/images/lum-010/main_01.webp","https://arelvienne.com/images/lum-010/main_02.webp,https://arelvienne.com/images/lum-010/main_03.webp,https://arelvienne.com/images/lum-010/main_04.webp,https://arelvienne.com/images/lum-010/main_05.webp","229.00 USD","in stock","new","ARELVIENNE","181","Hair Extensions & Wigs > Wigs","lum-010","Platinum Blonde","10inch/25cm","Human Hair"
"lum-010-10-180","#613 Blonde Bob Human Hair Wig - The Platinum Bob - #613 Platinum - 10inch/25cm - 180%","Shop a #613 blonde 13x4 lace bob wig in 10 or 12 inches and 150% or 180% density. Human hair from $229 with free worldwide shipping.","https://arelvienne.com/platinum-blonde-bob-wig.html?variant=lum-010-10-180&utm_source=pinterest&utm_medium=organic_shopping&utm_campaign=product_catalog&utm_content=lum-010-10-180","https://arelvienne.com/images/lum-010/main_01.webp","https://arelvienne.com/images/lum-010/main_02.webp,https://arelvienne.com/images/lum-010/main_03.webp,https://arelvienne.com/images/lum-010/main_04.webp,https://arelvienne.com/images/lum-010/main_05.webp","259.00 USD","in stock","new","ARELVIENNE","181","Hair Extensions & Wigs > Wigs","lum-010","Platinum Blonde","10inch/25cm","Human Hair"
"lum-010-12-150","#613 Blonde Bob Human Hair Wig - The Platinum Bob - #613 Platinum - 12inch/30cm - 150%","Shop a #613 blonde 13x4 lace bob wig in 10 or 12 inches and 150% or 180% density. Human hair from $229 with free worldwide shipping.","https://arelvienne.com/platinum-blonde-bob-wig.html?variant=lum-010-12-150&utm_source=pinterest&utm_medium=organic_shopping&utm_campaign=product_catalog&utm_content=lum-010-12-150","https://arelvienne.com/images/lum-010/main_01.webp","https://arelvienne.com/images/lum-010/main_02.webp,https://arelvienne.com/images/lum-010/main_03.webp,https://arelvienne.com/images/lum-010/main_04.webp,https://arelvienne.com/images/lum-010/main_05.webp","259.00 USD","in stock","new","ARELVIENNE","181","Hair Extensions & Wigs > Wigs","lum-010","Platinum Blonde","12inch/30cm","Human Hair"
"lum-010-12-180","#613 Blonde Bob Human Hair Wig - The Platinum Bob - #613 Platinum - 12inch/30cm - 180%","Shop a #613 blonde 13x4 lace bob wig in 10 or 12 inches and 150% or 180% density. Human hair from $229 with free worldwide shipping.","https://arelvienne.com/platinum-blonde-bob-wig.html?variant=lum-010-12-180&utm_source=pinterest&utm_medium=organic_shopping&utm_campaign=product_catalog&utm_content=lum-010-12-180","https://arelvienne.com/images/lum-010/main_01.webp","https://arelvienne.com/images/lum-010/main_02.webp,https://arelvienne.com/images/lum-010/main_03.webp,https://arelvienne.com/images/lum-010/main_04.webp,https://arelvienne.com/images/lum-010/main_05.webp","289.00 USD","in stock","new","ARELVIENNE","181","Hair Extensions & Wigs > Wigs","lum-010","Platinum Blonde","12inch/30cm","Human Hair"
"lum-009-16-150","13x6 Straight Human Hair Wig - The Signature Straight - Natural Black - 16inch/40cm - 150%","Shop a natural-black 13x6 straight human hair wig in 16, 20 or 24 inches and 150% or 180% density. From $289 with free worldwide shipping.","https://arelvienne.com/signature-straight-human-hair-wig.html?variant=lum-009-16-150&utm_source=pinterest&utm_medium=organic_shopping&utm_campaign=product_catalog&utm_content=lum-009-16-150","https://arelvienne.com/images/lum-009/main_01.webp","https://arelvienne.com/images/lum-009/main_02.webp,https://arelvienne.com/images/lum-009/main_03.webp,https://arelvienne.com/images/lum-009/main_04.webp,https://arelvienne.com/images/lum-009/main_05.webp","289.00 USD","in stock","new","ARELVIENNE","181","Hair Extensions & Wigs > Wigs","lum-009","Natural Black","16inch/40cm","Human Hair"
"lum-009-16-180","13x6 Straight Human Hair Wig - The Signature Straight - Natural Black - 16inch/40cm - 180%","Shop a natural-black 13x6 straight human hair wig in 16, 20 or 24 inches and 150% or 180% density. From $289 with free worldwide shipping.","https://arelvienne.com/signature-straight-human-hair-wig.html?variant=lum-009-16-180&utm_source=pinterest&utm_medium=organic_shopping&utm_campaign=product_catalog&utm_content=lum-009-16-180","https://arelvienne.com/images/lum-009/main_01.webp","https://arelvienne.com/images/lum-009/main_02.webp,https://arelvienne.com/images/lum-009/main_03.webp,https://arelvienne.com/images/lum-009/main_04.webp,https://arelvienne.com/images/lum-009/main_05.webp","319.00 USD","in stock","new","ARELVIENNE","181","Hair Extensions & Wigs > Wigs","lum-009","Natural Black","16inch/40cm","Human Hair"
"lum-009-20-150","13x6 Straight Human Hair Wig - The Signature Straight - Natural Black - 20inch/50cm - 150%","Shop a natural-black 13x6 straight human hair wig in 16, 20 or 24 inches and 150% or 180% density. From $289 with free worldwide shipping.","https://arelvienne.com/signature-straight-human-hair-wig.html?variant=lum-009-20-150&utm_source=pinterest&utm_medium=organic_shopping&utm_campaign=product_catalog&utm_content=lum-009-20-150","https://arelvienne.com/images/lum-009/main_01.webp","https://arelvienne.com/images/lum-009/main_02.webp,https://arelvienne.com/images/lum-009/main_03.webp,https://arelvienne.com/images/lum-009/main_04.webp,https://arelvienne.com/images/lum-009/main_05.webp","349.00 USD","in stock","new","ARELVIENNE","181","Hair Extensions & Wigs > Wigs","lum-009","Natural Black","20inch/50cm","Human Hair"
"lum-009-20-180","13x6 Straight Human Hair Wig - The Signature Straight - Natural Black - 20inch/50cm - 180%","Shop a natural-black 13x6 straight human hair wig in 16, 20 or 24 inches and 150% or 180% density. From $289 with free worldwide shipping.","https://arelvienne.com/signature-straight-human-hair-wig.html?variant=lum-009-20-180&utm_source=pinterest&utm_medium=organic_shopping&utm_campaign=product_catalog&utm_content=lum-009-20-180","https://arelvienne.com/images/lum-009/main_01.webp","https://arelvienne.com/images/lum-009/main_02.webp,https://arelvienne.com/images/lum-009/main_03.webp,https://arelvienne.com/images/lum-009/main_04.webp,https://arelvienne.com/images/lum-009/main_05.webp","379.00 USD","in stock","new","ARELVIENNE","181","Hair Extensions & Wigs > Wigs","lum-009","Natural Black","20inch/50cm","Human Hair"
"lum-009-24-150","13x6 Straight Human Hair Wig - The Signature Straight - Natural Black - 24inch/60cm - 150%","Shop a natural-black 13x6 straight human hair wig in 16, 20 or 24 inches and 150% or 180% density. From $289 with free worldwide shipping.","https://arelvienne.com/signature-straight-human-hair-wig.html?variant=lum-009-24-150&utm_source=pinterest&utm_medium=organic_shopping&utm_campaign=product_catalog&utm_content=lum-009-24-150","https://arelvienne.com/images/lum-009/main_01.webp","https://arelvienne.com/images/lum-009/main_02.webp,https://arelvienne.com/images/lum-009/main_03.webp,https://arelvienne.com/images/lum-009/main_04.webp,https://arelvienne.com/images/lum-009/main_05.webp","449.00 USD","in stock","new","ARELVIENNE","181","Hair Extensions & Wigs > Wigs","lum-009","Natural Black","24inch/60cm","Human Hair"
"lum-009-24-180","13x6 Straight Human Hair Wig - The Signature Straight - Natural Black - 24inch/60cm - 180%","Shop a natural-black 13x6 straight human hair wig in 16, 20 or 24 inches and 150% or 180% density. From $289 with free worldwide shipping.","https://arelvienne.com/signature-straight-human-hair-wig.html?variant=lum-009-24-180&utm_source=pinterest&utm_medium=organic_shopping&utm_campaign=product_catalog&utm_content=lum-009-24-180","https://arelvienne.com/images/lum-009/main_01.webp","https://arelvienne.com/images/lum-009/main_02.webp,https://arelvienne.com/images/lum-009/main_03.webp,https://arelvienne.com/images/lum-009/main_04.webp,https://arelvienne.com/images/lum-009/main_05.webp","479.00 USD","in stock","new","ARELVIENNE","181","Hair Extensions & Wigs > Wigs","lum-009","Natural Black","24inch/60cm","Human Hair"
"lum-012-short","Short Water Wave Bob Human Hair Wig - The Water Wave Bob - Natural Black - Short Bob","Shop a natural-black short water-wave human hair bob with an adjustable cap and easy everyday movement. $159 with free worldwide shipping.","https://arelvienne.com/water-wave-bob-wig.html?variant=lum-012-short&utm_source=pinterest&utm_medium=organic_shopping&utm_campaign=product_catalog&utm_content=lum-012-short","https://arelvienne.com/images/lum-012/main_01.webp","https://arelvienne.com/images/lum-012/main_02.webp,https://arelvienne.com/images/lum-012/main_03.webp,https://arelvienne.com/images/lum-012/main_04.webp,https://arelvienne.com/images/lum-012/main_05.webp","159.00 USD","in stock","new","ARELVIENNE","181","Hair Extensions & Wigs > Wigs","","Natural Black","Short Bob","Human Hair"
"lum-013-16-200","5x5 Glueless Curly Human Hair Wig - The Bouncy Curl Closure - Natural Black - 16inch/40cm","Shop a 16-inch 5x5 glueless curly human hair wig with 200% density and a natural-black finish. $289 with free worldwide shipping.","https://arelvienne.com/bouncy-curl-closure-wig.html?variant=lum-013-16-200&utm_source=pinterest&utm_medium=organic_shopping&utm_campaign=product_catalog&utm_content=lum-013-16-200","https://arelvienne.com/images/lum-013/main_01_front_hero.webp","https://arelvienne.com/images/lum-013/main_02_3quarter_side.webp,https://arelvienne.com/images/lum-013/main_03_back_3quarter.webp,https://arelvienne.com/images/lum-013/main_04_lace_closeup_v2.webp,https://arelvienne.com/images/lum-013/main_05_product_hero_chair.webp","289.00 USD","in stock","new","ARELVIENNE","181","Hair Extensions & Wigs > Wigs","","Natural Black","16inch/40cm","Human Hair"
"lum-014-10","#613 Blonde Body Wave Lace Wig - The Champagne Body Wave - #613 Blonde Body Wave - 10inch/25cm","Shop a #613 blonde 13x4 lace-front body-wave human hair wig in 10, 12 or 14 inches. From $229 with free worldwide shipping.","https://arelvienne.com/champagne-blonde-body-wave-wig.html?variant=lum-014-10&utm_source=pinterest&utm_medium=organic_shopping&utm_campaign=product_catalog&utm_content=lum-014-10","https://arelvienne.com/images/lum-014/01_front_hero_613_blonde_wig.webp","https://arelvienne.com/images/lum-014/02_three_quarter_side_portrait.webp,https://arelvienne.com/images/lum-014/03_back_three_quarter_view.webp,https://arelvienne.com/images/lum-014/04_lace_front_closeup.webp,https://arelvienne.com/images/lum-014/05_seated_product_hero_boucle_chair.webp","229.00 USD","in stock","new","ARELVIENNE","181","Hair Extensions & Wigs > Wigs","lum-014","Blonde","10inch/25cm","Human Hair"
"lum-014-12","#613 Blonde Body Wave Lace Wig - The Champagne Body Wave - #613 Blonde Body Wave - 12inch/30cm","Shop a #613 blonde 13x4 lace-front body-wave human hair wig in 10, 12 or 14 inches. From $229 with free worldwide shipping.","https://arelvienne.com/champagne-blonde-body-wave-wig.html?variant=lum-014-12&utm_source=pinterest&utm_medium=organic_shopping&utm_campaign=product_catalog&utm_content=lum-014-12","https://arelvienne.com/images/lum-014/01_front_hero_613_blonde_wig.webp","https://arelvienne.com/images/lum-014/02_three_quarter_side_portrait.webp,https://arelvienne.com/images/lum-014/03_back_three_quarter_view.webp,https://arelvienne.com/images/lum-014/04_lace_front_closeup.webp,https://arelvienne.com/images/lum-014/05_seated_product_hero_boucle_chair.webp","239.00 USD","in stock","new","ARELVIENNE","181","Hair Extensions & Wigs > Wigs","lum-014","Blonde","12inch/30cm","Human Hair"
"lum-014-14","#613 Blonde Body Wave Lace Wig - The Champagne Body Wave - #613 Blonde Body Wave - 14inch/35cm","Shop a #613 blonde 13x4 lace-front body-wave human hair wig in 10, 12 or 14 inches. From $229 with free worldwide shipping.","https://arelvienne.com/champagne-blonde-body-wave-wig.html?variant=lum-014-14&utm_source=pinterest&utm_medium=organic_shopping&utm_campaign=product_catalog&utm_content=lum-014-14","https://arelvienne.com/images/lum-014/01_front_hero_613_blonde_wig.webp","https://arelvienne.com/images/lum-014/02_three_quarter_side_portrait.webp,https://arelvienne.com/images/lum-014/03_back_three_quarter_view.webp,https://arelvienne.com/images/lum-014/04_lace_front_closeup.webp,https://arelvienne.com/images/lum-014/05_seated_product_hero_boucle_chair.webp","259.00 USD","in stock","new","ARELVIENNE","181","Hair Extensions & Wigs > Wigs","lum-014","Blonde","14inch/35cm","Human Hair"
"lum-015-18","1B/27 Highlight Straight Human Hair Wig - The Honey Noir Straight - 1B/27 Honey Noir - 18inch/45cm","Shop a 1B/27 honey-blonde highlight straight human hair wig with 13x4 transparent lace, in 18 or 20 inches. From $349 with free shipping.","https://arelvienne.com/honey-noir-highlight-straight-wig.html?variant=lum-015-18&utm_source=pinterest&utm_medium=organic_shopping&utm_campaign=product_catalog&utm_content=lum-015-18","https://arelvienne.com/images/lum-015/main_01_front_hero.webp","https://arelvienne.com/images/lum-015/main_02_3-4_side.webp,https://arelvienne.com/images/lum-015/main_03_back_3-4_length.webp,https://arelvienne.com/images/lum-015/main_04_lace_hairline_closeup.webp,https://arelvienne.com/images/lum-015/main_05_seated_product_hero.webp","349.00 USD","in stock","new","ARELVIENNE","181","Hair Extensions & Wigs > Wigs","lum-015","Natural Black/Honey Blonde","18inch/45cm","Human Hair"
"lum-015-20","1B/27 Highlight Straight Human Hair Wig - The Honey Noir Straight - 1B/27 Honey Noir - 20inch/50cm","Shop a 1B/27 honey-blonde highlight straight human hair wig with 13x4 transparent lace, in 18 or 20 inches. From $349 with free shipping.","https://arelvienne.com/honey-noir-highlight-straight-wig.html?variant=lum-015-20&utm_source=pinterest&utm_medium=organic_shopping&utm_campaign=product_catalog&utm_content=lum-015-20","https://arelvienne.com/images/lum-015/main_01_front_hero.webp","https://arelvienne.com/images/lum-015/main_02_3-4_side.webp,https://arelvienne.com/images/lum-015/main_03_back_3-4_length.webp,https://arelvienne.com/images/lum-015/main_04_lace_hairline_closeup.webp,https://arelvienne.com/images/lum-015/main_05_seated_product_hero.webp","449.00 USD","in stock","new","ARELVIENNE","181","Hair Extensions & Wigs > Wigs","lum-015","Natural Black/Honey Blonde","20inch/50cm","Human Hair"
"lum-016-12","Burgundy 5x5 Closure Bob Wig - The Burgundy Bob Closure - Burgundy Wine - 12inch/30cm","Shop a 12-inch burgundy bone-straight human hair bob with a 5x5 lace closure. $259 with free worldwide shipping.","https://arelvienne.com/burgundy-bob-closure-wig.html?variant=lum-016-12&utm_source=pinterest&utm_medium=organic_shopping&utm_campaign=product_catalog&utm_content=lum-016-12","https://arelvienne.com/images/lum-016/a_high_resolution_studio_lit_fashion_beauty_port.webp","https://arelvienne.com/images/lum-016/a_high_end_beauty_portrait_in_a_studio_a_close_up.webp,https://arelvienne.com/images/lum-016/a_clean_studio_portrait_scene_with_a_warm_beige_ta.webp,https://arelvienne.com/images/lum-016/a_warm_studio_portrait_scene_with_a_neutral_beige.webp,https://arelvienne.com/images/lum-016/studio_portrait_scene_with_a_warm_beige_tan_backgr.webp","259.00 USD","in stock","new","ARELVIENNE","181","Hair Extensions & Wigs > Wigs","","Burgundy Wine","12inch/30cm","Human Hair"
